Brand,Shoe Name,Traction,Cushioning,Lockdown,Lateral Stability,Torsion Support,Weight,Durability,Ventilation,Avg,Overall Rating,Guard,Wing,Big,Outdoor,Reviews,Year of Release,MSRP,Weight per shoe (US9),Heel-to-toe Offset,Recent Release,Asia Brand?,Budget Shoe? ($100),Sizing Recommendation,Sizing Notes
,,,,,,,,,,,,,,,,,,,,,,,,,
361°,[Ranzhan],87,77,69,76,78,84,85,87,78,75,73,77,74,84,20,2021-,$80,350 - 370g,,No,Asia,Yes,?,"Fits wide, lack of padding, toe jam"
361°,AG1,86,83,83,87,90,68,74,66,84,84,80,86,86,77,33,2020-21,$120,440 - 460g,9 - 10mm,No,Asia,No,,
361°,AG1 SE,88,81,76,85,85,74,75,85,82,81,78,82,84,79,15,2021-,$90,420 - 430g,9 - 10mm,No,Asia,Yes,,
361°,AG2,85,83,79,74,85,64,71,70,82,77,72,81,82,77,24,2021-,$120,450 - 470g,[10 - 11mm est.],No,,No,,
361°,AG3 Pro,86,83,77,87,92,69,73,64,82,81,77,84,85,73,16,2022-,$130,450 - 470g,8 - 9mm,Yes,Asia,No,Go down 1 EU size,Fits wide with toebox space; not for narrow or low-volume feet; no half EU sizes.
361°,Big 3 II,81,77,69,73,68,80,82,84,76,71,68,73,71,84,24,2020-,$100,390 - 400g,,No,Asia,No,,
361°,Big 3 III,89,83,83,85,88,68,84,74,85,84,80,86,86,86,24,2022-,$100,430 - 440g,[10 - 12mm est.],Yes,Asia,No,Stay true to size,Some forefoot deadspace
361°,Big 3 III Pro,84,89,83,84,91,74,73,69,85,85,81,88,88,74,31,2022-,$135,410 - 430g,10 - 12mm,Yes,Asia,No,Stay true to size,Fits slightly wide; use EU size for reference
361°,Dinwiddie DVD 1,81,84,75,84,86,77,84,73,80,79,75,81,84,86,24,2022-,$100,390 - 410g,6 - 8mm,Yes,Asia,No,Stay true to size,Use EU size; snug & not wide friendly due to upper; going up may result in heel-slip.
361°,Kyranbek Kontrol 1,80,80,80,72,81,71,86,57,80,76,71,80,79,86,14,2020-,$80,420 - 430g,,No,Asia,Yes,,
361°,Kyranbek Kontrol 2,83,81,77,75,85,77,82,58,80,79,75,82,81,83,13,2021-,$80,380 - 390g,[10 - 12mm est.],No,Asia,Yes,,
361°,Lava,83,84,78,73,82,70,83,69,82,78,73,81,81,86,13,2021-,$80,410 - 430g,,No,Asia,Yes,,
361°,Menace,82,73,81,87,85,70,86,66,79,77,75,80,77,83,22,2022-,$90,420 - 440g,[9 - 11mm est.],Yes,Asia,Yes,Stay true to size,Narrow
361°,Shadow Blade,81,72,69,66,84,82,78,77,74,68,64,73,66,76,9,2017-,$80,380 - 390g,,No,Asia,Yes,,
361°,Zen 3,88,83,81,72,78,82,86,81,84,82,81,84,81,87,34,2021-,$90,390 - 410g,13 - 15mm,No,Asia,Yes,Stay true to size,Narrow
361°,Zen.00,89,83,81,77,81,69,82,61,84,81,77,84,82,85,24,2020-,$120,430 - 450g,13 - 15mm,No,Asia,No,Stay true to size,Very snug forefoot fit
ADIDAS,Agent Gil Restomod,89,73,78,82,88,75,83,64,80,78,77,81,75,75,20,2022-,$140,420 - 440g,10 - 11mm,Yes,Non-Asia,No,Stay true to size?,Fits slightly long with some toebox space; narrow feet try sizing down half.
ADIDAS,BYW Select,89,82,85,91,92,66,69,64,85,84,81,86,87,69,13,2023-,$150,450 - 470g,[8 - 10mm est.],Yes,Non-Asia,No,Stay true to size,Okay for wide-footers but those with high insteps may experience some lace pressure.
ADIDAS,Court Vision 3,85,77,85,87,90,78,80,68,82,84,84,86,82,80,12,2021-,$100,410 - 440g,[9 - 11mm est.],No,Non-Asia,No,Stay true to size,Snug
ADIDAS,Crazy BYW X,80,86,81,85,85,81,56,86,82,83,81,85,87,54,14,2018-,$180,380 - 400g,[10 - 12mm est.],No,Non-Asia,No,Stay true to size,Wide forefoot not adjustable with lacing
ADIDAS,Crazy BYW X 2.0,86,88,78,87,92,83,76,88,84,86,83,87,88,78,31,2019-20,$160,370 - 400g,[10 - 12mm est.],No,Non-Asia,No,Stay true to size,Snug
ADIDAS,Crazy Explosive 2016 PK,88,93,88,87,88,78,58,76,90,91,89,93,93,58,17,2016-,$150,430 - 460g,10 - 11mm,No,Non-Asia,No,,
ADIDAS,Crazy Explosive 2017,86,93,91,88,93,79,59,72,90,92,90,94,93,59,22,2017-,$150,390 - 410g,10 - 12mm,No,Non-Asia,No,,
ADIDAS,Crazylight 2016,90,91,78,82,85,76,79,70,86,84,81,86,88,83,16,2016-,$120,410 - 420g,[10 - 12mm est.],No,Non-Asia,No,,
ADIDAS,Crazylight 2018,91,86,75,86,82,75,81,61,84,82,80,83,85,85,14,2018-,$120,410 - 420g,[10 - 12mm est.],No,Non-Asia,No,,
ADIDAS,D Rose 1 Retro,82,59,75,82,85,85,71,73,72,66,66,70,59,59,13,2020-,$130,370 - 400g,[9 - 11mm est.],No,Non-Asia,No,,
ADIDAS,D Rose 4 Restomod,85,73,80,84,87,90,68,79,80,82,82,84,77,64,19,2020-21,$150,340 - 350g,[9 - 11mm est.],No,Non-Asia,No,,
ADIDAS,D Rose 7,96,89,87,88,90,68,75,74,91,88,85,90,91,71,17,2016-,$140,440 - 460g,11 - 12mm,No,Non-Asia,No,,
ADIDAS,D Rose 8,87,92,85,87,83,76,83,84,88,88,86,89,91,78,19,2017-,$140,420 - 450g,[11 - 12mm est.],No,Non-Asia,No,,
ADIDAS,D Rose 9,72,72,68,75,82,73,79,75,70,63,57,67,67,75,20,2018-,$140,400 - 410g,10 - 11mm,No,Non-Asia,No,,
ADIDAS,D Rose 10,79,80,73,78,80,68,73,62,77,73,66,76,79,78,19,2019-,$140,430 - 450g,[9 - 11mm est.],No,Non-Asia,No,,
ADIDAS,D Rose 11,88,77,74,89,89,69,70,70,80,78,74,81,80,73,26,2020-,$120,410 - 420g,9 - 11mm,No,Non-Asia,No,,
ADIDAS,D Rose Son of Chi,90,78,85,83,76,82,80,83,84,84,85,85,80,79,24,2021-,$100,380 - 400g,[8 - 10mm est.],No,Non-Asia,No,,
ADIDAS,D.O.N. Issue #1,81,79,80,93,90,71,84,71,80,80,76,83,85,84,30,2019-,$100,430 - 450g,8 - 9mm,No,Non-Asia,No,,
ADIDAS,D.O.N. Issue #2,82,77,82,79,86,76,74,72,80,80,77,83,80,76,31,2020-,$100,420 - 450g,10 - 11mm,No,Non-Asia,No,,
ADIDAS,D.O.N. Issue #3,81,74,76,88,88,80,72,61,77,77,75,80,77,72,26,2021-,$110,380 - 400g,[8 - 10mm est.],No,Non-Asia,No,,
ADIDAS,D.O.N. Issue #4,82,76,84,84,85,80,77,67,81,82,81,84,80,74,25,2022-,$120,360 - 380g,[8 - 10mm est.],Yes,Non-Asia,No,Stay true to size,"Slightly narrow & snug; lots of lace holes, but inconvenient to adjust."
ADIDAS,D Lillard 1,83,77,63,68,79,80,76,69,74,68,64,72,69,76,21,2015-,$105,360 - 370g,[9 - 11mm est.],No,Non-Asia,No,Go down half size,Extremely poor heel lockdown
ADIDAS,D Lillard 2,81,85,88,86,86,75,70,74,85,86,83,88,88,75,27,2016-,$105,410 - 430g,[9 - 12mm est.],No,Non-Asia,No,Go down half size,Fits slightly large.
ADIDAS,Dame 3,89,84,84,84,84,74,75,73,86,85,83,87,86,78,25,2016-,$115,410 - 430g,12 - 13mm,No,Non-Asia,No,,
ADIDAS,Dame 4,84,81,86,82,78,86,69,75,83,85,85,86,83,72,34,2017-,$115,350 - 370g,9 - 10mm,No,Non-Asia,No,,
ADIDAS,Dame 5,82,81,84,87,76,79,84,74,82,83,82,83,84,83,29,2019-,$115,400 - 420g,[10 - 12mm est.],No,Non-Asia,No,,
ADIDAS,Dame 6,77,80,72,68,79,84,71,79,76,72,66,76,75,77,35,2019-,$110,350 - 370g,11 - 13mm,No,Non-Asia,No,,
ADIDAS,Dame 7,81,80,81,76,84,69,76,73,81,78,73,82,81,80,31,2020-,$110,430 - 440g,12 - 13mm,No,Non-Asia,No,,
ADIDAS,Dame 7 EXTPLY,84,84,73,80,86,79,76,74,80,79,76,81,83,80,22,2021-,$110,380 - 400g,12 - 13mm,No,Non-Asia,No,,
ADIDAS,Dame 8,81,77,79,84,88,78,82,76,79,79,76,82,80,80,27,2021-,$120,380 - 400g,[9 - 11mm est.],No,Non-Asia,No,,
ADIDAS,Dame Certified,89,74,83,84,86,80,82,78,82,82,83,84,77,82,12,2022-,$95,390 - 410g,[7 - 9mm est.],Yes,Non-Asia,Yes,Stay true to size,"Snug fit, but with minor heel slip."
ADIDAS,Exhibit A,81,78,82,84,84,86,77,81,80,82,80,84,82,78,21,2021-,$110,370 - 390g,,No,Non-Asia,No,,
ADIDAS,Exhibit B,83,83,84,80,87,78,70,71,83,84,81,86,85,72,10,2022-,$120,380 - 400g,9 - 10mm,Yes,Non-Asia,No,Go up half a size,Very snug; fuse reinforcements may pinch toes; narrow footers go TTS
ADIDAS,Explosive Bounce 2018,83,73,83,89,87,83,77,63,80,82,82,83,78,76,15,2018-,$100,400 - 410g,,No,Non-Asia,No,,
ADIDAS,Harden B/E 2,87,76,81,82,86,81,75,75,81,82,82,84,79,76,14,2018-,$110,350 - 370g,,No,Non-Asia,No,,
ADIDAS,Harden B/E 3,81,76,81,80,78,70,75,65,79,76,73,79,76,76,10,2019-,$100,?,,No,Non-Asia,No,,
ADIDAS,Harden Stepback 1,83,66,83,82,81,80,84,67,77,75,76,77,68,79,22,2020-,$80,400 - 420g,,No,Non-Asia,Yes,,
ADIDAS,Harden Stepback 2,82,78,83,84,82,80,76,79,81,81,80,83,81,77,24,2020-21,$80,400 - 410g,,No,Non-Asia,Yes,,
ADIDAS,Harden Stepback 3,89,76,85,83,83,76,82,73,83,83,82,85,80,83,10,2022-,$80,410 - 430g,9 - 10mm,Yes,Non-Asia,Yes,Stay true to size,Players who want a more snug fit can go down half a size
ADIDAS,Harden Vol. 1,89,88,79,88,92,73,82,68,85,85,81,87,88,80,26,2016-,$140,420 - 440g,11 - 12mm,No,Non-Asia,No,,
ADIDAS,Harden Vol. 2,78,90,87,90,91,64,77,69,85,83,76,86,91,81,26,2018-,$140,470 - 480g,11 - 12mm,No,Non-Asia,No,,
ADIDAS,Harden Vol. 3,87,85,83,84,83,78,72,82,85,86,85,86,86,70,25,2018-,$140,400 - 420g,9 - 10mm,No,Non-Asia,No,,
ADIDAS,Harden Vol. 4,74,77,78,89,83,82,71,72,76,76,73,78,80,72,34,2019-,$130,390 - 400g,8 - 9mm,No,Non-Asia,No,,
ADIDAS,Harden Vol. 5,68,81,69,91,89,54,73,64,72,61,51,63,77,70,31,2020-21,$130,480 - 500g,,No,Non-Asia,No,,
ADIDAS,Harden Vol. 6,84,85,85,92,88,69,86,53,85,85,81,87,89,82,29,2022-,$140,460 - 480g,[7 - 10mm est.],Yes,Non-Asia,No,Go down half size,Runs slightly long; wide-footers try true to size
ADIDAS,Harden Vol. 7,82,88,86,91,85,71,74,57,86,86,82,87,91,73,13,2022-23,$160,450 - 470g,10 - 11mm,Yes,Non-Asia,No,Stay true to size,Versatile fit; players with narrow feet may have to size down by half US
ADIDAS,Marquee Boost,84,88,82,91,88,69,82,69,84,84,80,86,89,85,33,2018-,$130,430 - 450g,,No,Non-Asia,No,,
ADIDAS,N3XT L3V3L,82,81,87,85,82,87,76,68,83,86,85,87,85,71,29,2018-,$180,350 - 360g,,No,Non-Asia,No,,
ADIDAS,N3XT L3V3L 2020,89,86,86,79,86,81,73,71,87,88,86,90,87,71,20,2020-,$150,390 - 410g,,No,Non-Asia,No,,
ADIDAS,N3XT L3V3l Futurenatural,79,80,84,88,85,55,79,63,81,75,69,78,83,74,20,2021-,$180,500 - 520g,,No,Non-Asia,No,,
ADIDAS,Posterize/Zone Boost,85,86,88,88,79,63,83,59,86,83,80,84,87,85,13,2019-,$130,440 - 450g,,No,Non-Asia,No,,
ADIDAS,Pro Boost,80,73,74,83,84,77,82,71,75,73,71,76,74,79,23,2020-,$110,400 - 420g,,No,Non-Asia,No,,
ADIDAS,Pro Bounce 2018,84,82,82,87,88,80,73,73,83,85,84,86,86,77,36,2018-,$120,350 - 370g,,No,Non-Asia,No,,
ADIDAS,Pro Bounce 2019,76,82,73,83,84,81,74,68,77,76,71,79,82,79,11,2019-,$110,380 - 400g,,No,Non-Asia,No,,
ADIDAS,Pro Bounce Madness,84,81,81,87,83,76,77,70,82,83,81,84,85,80,18,2019-,$120,?,,No,Non-Asia,No,,
ADIDAS,Pro Model 2G,89,77,82,77,87,76,86,54,83,82,80,85,79,85,32,2020-,$100,400 - 410g,,No,Non-Asia,No,,
ADIDAS,Pro N3XT 2021,89,71,82,74,67,85,71,55,81,76,80,78,67,72,6,2021-,$65,?,,No,Non-Asia,Yes,,
ADIDAS,Pro Vision,81,73,82,91,78,81,78,69,79,79,80,80,77,78,14,2018-,$100,?,,No,Non-Asia,No,,
ADIDAS,T-MAC 2.0 Restomod,84,75,88,79,86,64,68,51,83,79,75,83,78,68,16,2020-21,$130,490 - 510g,,No,Non-Asia,No,,
ADIDAS,T-MAC 3 Restomod,74,71,76,75,88,69,66,53,74,68,61,73,70,64,8,2021-22,$130,480 - 490g,,Yes,Non-Asia,No,,
ADIDAS,T-Mac Millenium,87,88,79,83,79,69,78,69,85,82,78,84,86,81,16,2018-,$160,420 - 440g,,No,Non-Asia,No,,
ADIDAS,Trae Young 1,83,84,79,87,79,74,80,64,82,81,78,81,84,79,34,2021-,$140,410 - 430g,,No,Non-Asia,No,,
ADIDAS,Trae Young 2,86,85,85,89,90,77,84,68,85,88,86,89,89,81,12,2022-,$140,440 - 450g,[8 - 10mm est.],Yes,Non-Asia,No,Stay true to size,Fits slightly wide; not for thick feet; heel area lockdown much better than toe area
AMARUE,Light Armour 2,72,75,75,81,88,57,74,62,74,65,56,69,74,73,8,2019-,$80,500 - 510g,,No,Asia,Yes,,
AND1,Taichi Retro,78,68,74,60,78,75,89,50,73,63,59,68,59,79,14,2018-19,$100,?,,No,Non-Asia,No,,
ANTA,A-Flash Bubble,81,77,72,85,77,66,78,64,77,71,66,74,76,80,20,2021-,$75,440 - 470g,,No,Asia,Yes,,
ANTA,Flash Bubble 2.0,86,79,80,78,87,78,91,81,82,82,80,84,81,90,10,2022-,$85,410 - 430g,?,Yes,Asia,Yes,,
ANTA,GH1,85,80,83,83,85,73,79,69,83,83,80,84,84,79,29,2019-,$100,410 - 420g,,No,Asia,No,,
ANTA,GH2,83,79,80,86,90,79,82,73,81,82,80,84,83,81,30,2020-21,$105,400 - 410g,11 - 12mm,No,Asia,No,,
ANTA,GH3,82,86,86,80,90,77,78,85,85,86,82,89,87,79,20,2021-,$125,420 - 430g,,No,Asia,No,,
ANTA,KT Light Cavalry 3,86,84,68,64,60,93,79,91,79,70,70,72,68,84,10,2018-,$70,310 - 320g,,No,Asia,Yes,,
ANTA,KT Light Cavalry 5 & 6,78,72,66,58,66,84,86,87,72,59,56,64,56,78,10,2021-,$65,350 - 380g,,No,Asia,Yes,,
ANTA,KT Mountain,82,83,77,86,84,80,87,84,81,81,79,82,84,89,18,2021-,$80,410 - 420g,,No,Asia,Yes,,
ANTA,KT Outdoor 2 Low,86,81,82,82,64,81,91,82,83,80,81,80,78,91,21,2017-,$80,350 - 360g,,No,Asia,Yes,,
ANTA,KT Splash 2,84,74,80,70,75,71,74,76,79,74,72,78,70,76,13,2020-,$85,,,No,Asia,Yes,,
ANTA,KT Splash 3,85,79,85,79,73,75,84,88,83,81,81,83,80,84,24,2021-,$80,420 - 440g,,No,Asia,Yes,,
ANTA,KT Splash 4,87,80,86,73,73,79,86,85,84,82,82,84,79,84,7,2022-,$110,370 - 390g,9 - 10mm,Yes,Asia,No,Stay true to size,Not for flat feet; narrow midfoot and arch pressure
ANTA,KT1 Pro,87,88,80,71,84,83,69,70,85,84,81,86,84,71,31,2021-,$125,380 - 410g,[9 - 11mm est.],No,Asia,No,Go down half size?,Fits slightly large
ANTA,KT2,85,77,80,87,85,81,83,77,81,82,82,83,81,77,16,2016-,$120,,9 - 10mm,No,Asia,No,,
ANTA,KT3,85,78,81,84,67,78,75,75,81,79,80,79,77,73,21,2017-,$120,,7 - 8mm,No,Asia,No,,
ANTA,KT4,83,81,77,79,75,73,71,69,80,77,74,79,79,72,22,2018-,$125,,9 - 10mm,No,Asia,No,,
ANTA,KT5,84,78,84,81,86,65,69,64,82,79,75,83,82,71,19,2019-,$130,,[8 - 10mm est.],No,Asia,No,,
ANTA,KT5 Low,89,82,82,78,82,87,75,82,84,85,84,87,83,76,27,2020-,$130,350 - 360g,8 - 10mm,No,Asia,No,,
ANTA,KT6,85,82,86,95,95,67,74,61,84,85,81,87,89,73,37,2020-,$125,,[9 - 10mm est.],No,Asia,No,,
ANTA,KT6 Low,85,84,79,86,84,81,76,88,83,84,83,85,86,76,23,2021-,$120,410 - 430g,9 - 11mm,No,Asia,No,Stay true to size,
ANTA,KT7,82,89,85,93,94,69,75,67,85,85,80,88,91,72,35,2021-,$155,420 - 450g,10 - 13mm,No,Asia,No,Stay true to size,More suited for narrow forefeet due to TPU caging
ANTA,KT7 Low,80,88,79,88,91,64,78,64,82,79,72,82,88,79,16,2022-,$135,450 - 460g,10 - 13mm,Yes,Asia,No,Stay true to size,Use EU size; fits narrow & snug; not for those with high-insteps or thick feet.
ANTA,KT8,84,85,84,88,92,72,69,68,84,85,82,87,88,68,30,2022-,$140,430 - 450g,9 - 10mm,Yes,Asia,No,Stay true to size,Use EU size; fits narrow; Not for players with wide or thick feet with high insteps
ANTA,Light Crazy PRO,90,90,69,77,81,74,85,76,83,78,73,81,83,88,23,2022-,$130,390 - 410g,[8 - 10mm est.],Yes,Asia,No,Stay true to EU size,Narrow; not for wide; poorly padded inside
ANTA,RR5,83,73,80,88,87,83,83,80,79,80,80,82,77,80,11,2018-,$85,,,No,Asia,Yes,,
ANTA,RR6,84,78,73,83,95,66,80,73,78,75,69,79,79,81,20,2020-,$120,430 - 440g,,No,Asia,No,,
ANTA,Shock the Game 4.0,93,77,83,90,90,60,91,74,84,80,76,82,81,89,28,2020-,$85,480 - 500g,11 - 12mm,No,Asia,Yes,,
ANTA,Shock the Game 5.0,91,82,84,82,87,74,83,76,86,85,83,87,85,83,30,2021-,$100,410 - 430g,9 - 10mm,No,Asia,No,Stay true to size,Spacey toebox
ANTA,Shock the Game 5.0 Pro,80,90,81,78,94,70,81,74,84,81,74,86,87,80,21,2021-,$140,450 - 470g,8 - 9mm,No,Asia,No,Stay true to size,Narrow but with some extra toebox space
ANTA,Shock the Game 6.0 Crazy Tide 4.0,88,86,85,73,86,79,86,84,87,86,84,89,85,85,32,2022-,$120,380 - 400g,7 - 8mm,Yes,Asia,No,Stay true to size,Slightly narrow toebox
ANTA,Shock The Game Daringly 2.0,88,79,85,86,88,73,88,80,84,84,82,86,85,87,8,2021-,$80,410 - 420g,?,No,Asia,Yes,,
ANTA,Shock the Game Quick Decision 5,86,77,84,87,83,74,77,56,82,82,81,84,81,80,17,2021-,$80,410 - 420g,?,No,Asia,Yes,Stay true to size,Slightly large
ANTA,Shock The Game Sweep 2.0,86,82,82,78,75,57,85,67,83,75,71,77,80,86,11,2020-,$80,,,No,Asia,Yes,,
ANTA,Shock The Game Sweep 3.0,90,85,77,79,85,78,85,87,84,82,80,84,84,88,13,2021-,$80,400 - 420g,?,No,Asia,Yes,Stay true to size,Runs small but still has notable heel slip
ANTA,Star Mountain,74,85,81,86,88,53,72,66,80,72,63,75,84,73,16,2020-,$155,,,No,Asia,No,,
ANTA,UFO Airspace 3,84,81,80,86,73,70,84,74,81,79,77,79,81,85,16,2021-,$70,440 - 450g,,No,Asia,Yes,,
ANTA,UFO Alien 3,90,85,80,79,78,64,88,67,85,79,76,81,82,89,26,2021-22,$105,440 - 460g,10 - 11mm,Yes,Asia,No,Stay true to size,
ANTA,UFO Celestial Body 3,67,66,71,90,84,68,85,65,68,58,53,61,63,74,7,2021-,$80,430 - 440g,,No,Asia,Yes,,
ANTA,UFO Skyline 1,82,81,77,79,83,75,75,72,80,78,74,81,81,79,21,2022-23,$100,400 - 420g,5 - 6mm,Yes,Asia,No,Stay true to size,Slightly narrow fit; very wide or thick feet should avoid.
ANTA,Z-UP 1,88,86,84,90,93,83,74,79,86,89,88,90,89,75,20,2022-23,$120,390 - 410g,6 - 8mm,Yes,Asia,No,Stay true to size,Use EU size; fits narrow; wider feet may feel chafing or pressure; high insteps avoid
ASICS,Gelburst 23,92,75,82,82,86,83,74,79,83,83,84,85,78,63,11,2019-,$150,,,No,Asia,No,,
ASICS,Gelburst 24,94,79,87,88,91,90,84,88,87,90,90,92,85,71,30,2020-,$165,380 - 400g,[9 - 10mm est.],No,Asia,No,,
ASICS,Gelburst 25,93,77,86,88,88,89,85,92,85,88,89,90,83,70,28,2021-,$170,370 - 390g,8 - 10mm,No,Asia,No,,
ASICS,Gelhoop v11,89,69,84,83,80,95,75,87,81,82,86,83,71,64,27,2019-,$140,320 - 330g,10 - 11mm,No,Asia,No,,
ASICS,Gelhoop v12,93,72,90,86,81,96,78,92,85,87,91,88,77,68,27,2020-,$130,,,No,Asia,No,,
ASICS,Gelhoop v13,91,70,83,84,81,95,74,88,81,82,86,83,73,64,23,2021-,$130,320 - 330g,9 - 10mm,No,Asia,No,,
ASICS,Glide Nova FF 1,90,65,81,72,82,92,83,79,79,76,78,80,64,74,15,2019-,$120,320 - 330g,,No,Asia,No,,
ASICS,Glide Nova FF 2,94,76,87,80,82,94,79,86,86,87,89,89,79,72,22,2021-22,$140,320 - 340g,[7 - 10mm est.],Yes,Asia,No,Stay true to size,Fits slightly long and narrow; not ideal for high-insteps
ASICS,Invade Nova,91,85,81,81,89,69,79,74,86,84,80,87,85,72,15,2020-,$165,440 - 460g,,No,Asia,No,,
ASICS,Nova Surge 1,92,88,91,93,94,63,82,78,90,88,84,90,92,70,27,2020-,$180,470 - 490g,6 - 7mm,No,Asia,No,,
ASICS,Nova Surge 2,94,87,86,90,78,73,84,71,89,87,87,87,88,77,16,2022-,$140,430 - 450g,7 - 8mm,Yes,Asia,No,Stay true to size,Use CM measurement; better for normal-wide than narrow feet.
ASICS,UNPRE ARS Mid/Low,88,78,84,90,84,77,78,72,83,85,85,86,84,71,11,2021-22,$160,420 - 430g,,Yes,Asia,No,,
BRANDBLACK,Rare Metal 1,78,82,85,82,81,92,67,78,82,84,82,86,85,68,15,2016-,$110,,,No,Non-Asia,No,,
BRANDBLACK,Rare Metal 2,89,80,84,86,79,95,81,65,84,87,89,87,83,57,9,2021-,$250,310 - 320g,,No,Non-Asia,No,,
CONVERSE,All Star BB Evo,84,76,73,70,71,85,66,76,78,74,73,76,70,67,24,2020-,$120,380 - 390g,,No,Non-Asia,No,,
CONVERSE,All Star BB Jet,80,69,76,68,83,76,83,65,75,69,66,74,65,76,17,2021-,$110,380 - 400g,,No,Non-Asia,No,,
CONVERSE,All Star BB Shift,86,68,85,78,78,93,84,79,80,80,83,82,69,74,27,2022-,$120,350 - 370g,[4 - 6mm est.],Yes,Non-Asia,No,Stay true to size,Fits narrow; avoid if one has wide or thick feet.
CONVERSE,All Star Pro BB Hi/Low,78,75,75,68,58,89,65,89,76,68,67,72,64,66,23,2019-20,$130,320 - 340g,,No,Non-Asia,No,,
CONVERSE,G4,87,79,78,83,74,83,78,67,81,80,81,81,79,78,20,2020-,$110,360 - 370g,6 - 7mm,No,Non-Asia,No,,
CROSSOVER CULTURE,Kayo LP2,85,78,83,84,84,80,83,79,82,83,83,85,82,81,14,2019-,$110,,,No,Non-Asia,No,,
CROSSOVER CULTURE,Sniper LP Low,81,71,77,83,87,77,80,74,76,75,73,78,73,76,12,2018-,$100,,,No,Non-Asia,No,,
DECATHLON,Tarmak Elevate 900,84,80,80,82,78,67,78,74,81,78,74,80,80,80,19,2019-,$90,,,No,Asia,Yes,,
DECATHLON,Tarmak Fast 500,83,67,78,75,75,86,86,75,76,72,74,74,64,81,17,2019-,$50,,,No,Asia,Yes,,
DECATHLON,Tarmak SC500,83,78,78,80,79,83,72,81,80,79,78,80,78,76,14,2018-,$65,,,No,Asia,Yes,,
DEUX,D-1,87,65,80,85,84,81,85,75,78,76,77,77,68,76,15,2020-,$125,,,No,Asia,No,,
EQUALIZER,Sphere,83,66,81,80,84,71,79,68,76,72,71,76,67,76,16,2020-,$90,,,No,Asia,Yes,,
FREETIE (XIAOMI),Hoof 1 [Niu Ti 1],85,62,69,89,90,77,67,69,72,68,67,70,63,65,22,2022-,$45,380 - 400g,4 - 5mm,Yes,Asia,Yes,Stay true to EU size,Super wide and spacey toebox; chafing around heel-cup
HSEVEN,HSEVEN 2,80,64,67,78,87,71,70,88,71,63,58,68,62,64,13,2021-,$75,410 - 430g,,No,Asia,Yes,,
JORDAN,Air Jordan 28,96,96,92,89,95,88,59,58,95,97,95,99,95,48,19,2013-,$150,340 - 350g,[7 - 9mm est.],No,Non-Asia,No,,
JORDAN,Air Jordan 29,90,86,86,76,92,87,70,74,87,88,87,91,86,52,21,2014-,$225,,,No,Non-Asia,No,,
JORDAN,Air Jordan 30,91,86,89,78,89,83,75,72,88,90,88,92,87,57,27,2016-,$200,390 - 410g,[7 - 9mm est.],No,Non-Asia,No,Stay true to size,
JORDAN,Air Jordan 31,63,91,87,77,86,78,72,76,80,73,67,77,78,69,28,2016-,$185,,7 - 9mm,No,Non-Asia,No,,
JORDAN,Air Jordan 32,87,92,92,90,94,70,82,71,90,91,87,93,94,73,35,2017-,$185,460 - 470g,5 - 7mm,No,Non-Asia,No,,
JORDAN,Air Jordan 33,83,85,85,80,86,61,65,71,84,80,74,83,85,60,15,2018-,$175,,7 - 8mm,No,Non-Asia,No,,
JORDAN,Air Jordan 33 SE,81,91,86,79,93,73,68,74,86,85,79,89,89,64,26,2018-,$160,430 - 450g,7 - 8mm,No,Non-Asia,No,,
JORDAN,Air Jordan 34,83,90,80,81,92,87,71,88,85,87,83,89,88,64,36,2019-20,$180,,7 - 8mm,No,Non-Asia,No,,
JORDAN,Air Jordan 35,87,94,83,88,92,80,69,74,88,89,86,91,92,67,29,2020-,$180,400 - 420g,6 - 8mm,No,Non-Asia,No,Stay true to size,
JORDAN,Air Jordan 35 Low,88,93,86,83,91,84,69,76,89,91,88,93,91,67,20,2021-,$165,380 - 400g,6 - 8mm,No,Non-Asia,No,Go up half,Fits smaller than the 35s; arch area still needs breaking in.
JORDAN,Air Jordan 36,88,93,80,74,92,89,68,94,87,88,84,91,88,66,29,2021-,$185,360 - 380g,4 - 6mm,No,Non-Asia,No,Stay true to size,Very narrow & picky fit; upper may chafe pinkie toe.
JORDAN,Air Jordan 37,86,86,82,75,91,81,86,93,85,85,83,88,85,78,27,2022-,$185,390 - 410g,5 - 7mm,Yes,Non-Asia,No,Stay true to size,A more forgiving fit than AJ36s; PF vers. is wide friendly - for very narrow try half down.
JORDAN,Air Jordan 37 Low,78,86,73,75,91,80,85,86,79,77,71,81,83,82,28,2023-,$175,370 - 390g,3 - 5mm,Yes,Non-Asia,No,Stay true to size,PF version fits wide and may require sizing down by half a US size
JORDAN,CP3 10,87,73,89,85,84,86,79,75,83,85,87,87,78,73,12,2016-,$125,,[6 - 8mm est.],No,Non-Asia,No,,
JORDAN,CP3 11,92,80,88,88,90,82,75,61,87,89,89,90,87,73,24,2018-,$115,370 - 390g,6 - 7mm,No,Non-Asia,No,Stay true to size,
JORDAN,CP3 12,88,77,76,70,71,84,86,73,80,76,76,79,72,85,26,2019-,$100,370 - 380g,[6 - 7mm est.],No,Non-Asia,No,,
JORDAN,Fly Lockdown,88,77,85,81,81,82,79,57,83,84,84,85,80,78,11,2018-,$110,,8 - 9mm,No,Non-Asia,No,,
JORDAN,Jumpman 2020,85,86,80,72,74,81,73,76,84,81,80,83,81,78,16,2019-,$110,,,No,Non-Asia,No,,
JORDAN,Jumpman 2021,86,80,79,77,79,90,80,60,82,83,82,85,80,80,19,2020-,$110,,,No,Non-Asia,No,,
JORDAN,Jumpman Diamond,91,77,81,82,76,81,78,64,83,82,83,83,78,77,18,2019-,$120,410 - 420g,,No,Non-Asia,No,,
JORDAN,Jumpman Hustle,86,73,81,74,72,79,86,71,80,77,78,79,71,82,15,2018-,$110,,,No,Non-Asia,No,,
JORDAN,Luka 1,88,78,87,87,90,86,68,71,84,88,88,89,84,65,31,2022-,$110,360 - 380g,4 - 5mm,Yes,Non-Asia,No,Stay true to size,Full-length inner bootie; PF version is wide friendly esp. in the toebox.
JORDAN,Melo M12,81,76,81,80,79,86,70,81,79,79,78,81,77,64,11,2016-,$135,,,No,Non-Asia,No,,
JORDAN,Melo M13,60,81,77,75,92,88,70,78,72,66,60,71,68,67,11,2017-,$135,,,No,Non-Asia,No,,
JORDAN,React Elevation,85,82,81,77,68,78,71,68,83,80,80,81,79,75,22,2020-,$120,390 - 400g,,No,Non-Asia,No,,
JORDAN,Super.Fly 2017,87,76,87,80,88,74,84,64,83,83,82,87,80,77,16,2017-,$140,,,No,Non-Asia,No,,
JORDAN,Super.Fly MVP,85,79,77,85,85,75,85,71,81,80,78,82,82,80,16,2018-,$140,,,No,Non-Asia,No,,
JORDAN,Supreme Elevation,80,92,86,60,68,76,66,77,86,77,72,81,78,74,14,2019-,$170,,,No,Non-Asia,No,,
JORDAN,Ultrafly 2,84,84,84,84,74,77,85,63,84,83,83,83,84,85,24,2017-,$125,,,No,Non-Asia,No,,
JORDAN,Ultrafly 3,82,78,80,82,70,80,74,60,80,78,78,79,77,74,10,2018-,$125,,,No,Non-Asia,No,,
JORDAN,Westbrook One Take 1,87,82,85,85,72,85,82,76,84,85,86,84,82,82,18,2020-,$100,,,No,Non-Asia,No,,
JORDAN,Westbrook One Take 2,81,76,80,73,84,87,82,81,79,78,76,82,76,79,15,2021-,$100,350 - 360g,,No,Non-Asia,No,,
JORDAN,Westbrook One Take 3,86,75,82,81,57,93,82,84,81,77,80,77,69,80,20,2021-,$100,310 - 330g,[4 - 6mm est],No,Non-Asia,No,Stay true to size,Slightly narrow (even PF versions) but versatile fit.
JORDAN,Westbrook One Take 4,89,76,77,87,83,95,80,91,81,83,84,84,79,78,13,2022-,$100,310 - 330g,[7 - 8mm est.],Yes,Non-Asia,No,Stay true to size,Those with narrow feet can try going down half a US size.
JORDAN,Why Not Zer0.1,85,89,90,89,83,66,66,50,88,86,83,88,91,71,23,2018-,$125,,7 - 8mm,No,Non-Asia,No,,
JORDAN,Why Not Zer0.2,86,84,81,67,86,73,69,68,84,80,76,84,81,73,30,2019-,$120,,[7 - 8mm est.],No,Non-Asia,No,,
JORDAN,Why Not Zer0.3,77,82,81,69,88,81,70,78,80,78,73,83,80,73,29,2020-,$130,,7 - 8mm,No,Non-Asia,No,,
JORDAN,Why Not Zer0.4,79,83,84,77,88,85,74,69,82,83,79,86,84,77,26,2021-,$130,370 - 380g,5 - 6mm,No,Non-Asia,No,Stay true to size,
JORDAN,Why Not.5,70,82,75,77,90,89,64,86,76,74,68,78,79,67,30,2022-,$130,350 - 370g,5 - 7mm,Yes,Non-Asia,No,Stay true to size?,"PF version spacey in forefoot; bad upper materials on the ""Inner City"" colorway"
JORDAN,Why Not .6,87,87,82,85,83,86,71,77,85,87,86,87,87,70,19,2023-,$140,380 - 390g,3 - 4mm,Yes,Non-Asia,No,Go down half size,Fits large - especially PF versions; more suitable for wider feet.
JORDAN,Zion 1,80,82,81,84,72,83,67,84,81,81,80,81,82,71,30,2021-,$120,380 - 390g,6 - 7mm,No,Non-Asia,No,Stay true to size,PF version fits wide
JORDAN,Zion 2,84,82,83,88,89,73,81,63,83,84,81,86,86,80,26,2022-,$120,410 -420g,[6 - 7mm est.],Yes,Non-Asia,No,Stay true to size,Very snug fit around the ankle & heel; achilles tendon pinching.
JORDAN,Zoom Separate,87,84,84,87,84,85,85,80,85,87,87,88,87,82,22,2021-22,$120,360 - 380g,5 - 6mm,Yes,Non-Asia,No,Stay true to size,"Wide friendly, customizable lacing; possible heel slip"
LI-NING,BADFIVE 1,84,82,86,85,78,76,84,73,84,84,84,85,85,81,19,2019-20,$155,,[8 - 10mm est.],No,Asia,No,,
LI-NING,BADFIVE 2,90,84,85,88,77,81,87,85,86,87,87,86,85,82,31,2021-,$140,410 - 430g,8 - 10mm,No,Asia,No,Stay true to size,
LI-NING,BADFIVE 2 Low,91,81,86,84,80,81,89,79,86,86,87,87,84,84,21,2021-,$110,410 - 440g,[8 - 10mm est.],No,Asia,No,Stay true to size,Some forefoot deadspace
LI-NING,CJ McCollum 1,81,78,92,87,94,72,80,67,83,85,81,88,84,74,28,2021-,$155,450 - 470g,[9 - 10mm est.],No,Asia,No,Stay true to size,
LI-NING,CJ Silencer,83,76,84,75,81,70,78,64,81,78,75,82,77,78,17,2021-,$110,420 - 440g,9 - 10mm,No,Asia,No,,
LI-NING,Jimmy Butler 1,90,85,84,78,89,81,50,73,86,87,85,89,86,48,13,2022-,$210,370 - 390g,?,Yes,Asia,No,Stay true to size,Snug before break-in; thick feet go up half EU size
LI-NING,Power 6 Premium,80,80,82,85,85,70,79,58,80,79,74,82,84,81,11,2019-,$95,,[9 - 10mm est.],No,Asia,Yes,,
LI-NING,Power 7 Premium,80,64,88,89,89,58,73,64,77,70,66,74,69,70,10,2020-,$130,,9 - 10mm,No,Asia,No,,
LI-NING,Power 8,80,72,78,76,79,78,76,65,77,74,72,77,71,75,10,2021-,$95,400 - 410g,,No,Asia,Yes,,
LI-NING,Sharp Edge 2.0 [Liren 2.0],78,76,89,86,89,67,79,67,81,80,74,84,81,78,25,2021-,$125,450 - 470g,8 - 9mm,No,Asia,No,Stay true to size,
LI-NING,Sharp Edge 3.0 [Liren],90,88,85,88,91,82,85,80,88,90,88,91,90,85,25,2022-,$130,400 - 420g,7 - 8mm,Yes,Asia,No,Stay true to size,Use EU size; slightly narrow and snug fitting; not for very wide or thick feet
LI-NING,Sonic 10 Premium,86,76,79,80,82,82,78,87,80,80,79,82,77,76,22,2022-,$120,400 - 420g,5 - 7mm,Yes,Asia,No,Stay true to size,Very narrow midfoot and arch area
LI-NING,Sonic 6,88,78,69,73,75,68,79,77,79,72,67,75,74,82,12,2018-,$100,,,No,Asia,No,,
LI-NING,Sonic 7,79,79,80,67,77,79,68,80,79,76,72,79,76,74,23,2019-,$100,,,No,Asia,No,,
LI-NING,Sonic 8,80,75,72,74,72,76,68,73,76,71,68,74,71,72,24,2020-,$110,430 - 450g,,No,Asia,No,,
LI-NING,Sonic 9,85,80,87,73,78,70,80,76,84,81,78,84,81,81,21,2021-,$110,420 - 450g,,No,Asia,No,Stay true to size,
LI-NING,Speed 3 Low,85,73,74,73,82,76,82,67,77,74,72,77,71,82,17,2018-,$95,,,No,Asia,Yes,,
LI-NING,Speed 6 Premium,82,73,80,81,86,73,79,78,78,76,73,80,76,78,32,2019-,$120,,12 - 13mm,No,Asia,No,,
LI-NING,Speed 7 Premium,81,69,79,82,87,77,74,69,76,75,74,77,71,72,26,2020-,$120,,,No,Asia,No,,
LI-NING,Speed 7 Summer,84,72,82,69,86,84,76,87,79,78,77,82,71,72,16,2021-,$125,390 - 410g,,No,Asia,No,Stay true to size,
LI-NING,Speed 8 Premium,91,80,89,79,87,83,84,67,86,88,87,90,84,79,35,2021-,$125,390 - 410g,[8 - 10mm est.],No,Asia,No,Stay true to size,Very narrow around midfoot; snug all-round; not for wider feet
LI-NING,Speed 8 TD,88,72,75,74,85,84,86,80,78,76,75,79,71,84,9,2021-22,$85,350 - 370g,[7 - 9mm est.],Yes,Asia,Yes,Stay true to size,"Normal, less narrow than Premium version"
LI-NING,Speed 9 Premium,88,68,82,84,87,89,75,68,79,80,83,83,71,68,27,2022-,$110,340 - 360g,4 - 5mm,Yes,Asia,No,Stay true to size,Mildly narrow; forefoot wider than Speed 8; not for high insteps; upper chafing issues.
LI-NING,Super Light 2022,88,76,85,83,87,90,78,87,83,86,86,88,80,73,27,2022-,$120,350 - 370g,[7 - 9mm est.],Yes,Asia,No,Stay true to size,Very snug
LI-NING,Wade 808 2,87,73,73,75,64,76,78,88,78,70,71,72,67,77,28,2022-,$100,400 - 420g,9 - 10mm,Yes,Asia,No,Stay true to size?,Use EU size; very narrow & shallow fit; lace pressure; weak ankle/heel-lockdown
LI-NING,Wade 808 2 Ultra,88,82,78,77,69,78,79,90,83,79,79,80,78,77,29,2022-,$140,400 - 420g,8 - 9mm,Yes,Asia,No,Stay true to size?,Use EU size; very narrow & shallow fit; lace pressure from thin tongue.
LI-NING,Wade All-City 10,85,85,77,85,80,81,78,71,82,82,81,82,84,76,34,2022-,$140,390 - 400g,7 - 8mm,Yes,Asia,No,Stay true to size,Narrow fitting
LI-NING,Wade All-City 11,87,86,81,81,82,83,77,86,85,85,84,86,85,76,29,2022-23,$130,390 - 410g,6 - 7mm,Yes,Asia,No,Stay true to size,More suitable for players who prefer a slightly wider toebox; narrow midfoot
LI-NING,Wade All-City 7,83,76,83,74,80,69,91,61,81,77,73,81,76,85,19,2019-,$130,,,No,Asia,No,,
LI-NING,Wade All-City 8,82,68,83,72,82,69,87,67,78,72,70,77,67,79,28,2019-20,$130,420 - 440g,,No,Asia,No,,
LI-NING,Wade All-City 9,84,81,83,85,91,72,79,67,83,83,80,86,85,78,34,2020-21,$130,,7 - 8mm,No,Asia,No,,
LI-NING,Wade All-City 9 v2,84,80,88,86,88,73,78,75,84,85,83,87,86,75,17,2021-,$130,440 - 460g,7 - 8mm,No,Asia,No,Stay true to size,Fits snug
LI-NING,Wade All-Day 6,87,70,83,78,70,87,88,84,80,78,81,79,68,82,5,2021-,$100,370 - 390g,,No,Asia,No,,
LI-NING,Wade DLO Ice 1,86,71,73,84,78,77,84,68,77,74,74,75,71,82,21,2022-,$90,380 - 400g,[8 - 10mm est.],Yes,Asia,Yes,Stay true to EU size,"Wide-fitting, but normal length; weak heel lockdown"
LI-NING,Wade Fission 7,86,78,68,74,80,75,83,88,77,73,69,76,74,83,7,2021-,$100,390 - 410g,9 - 10mm,No,Asia,No,,
LI-NING,Wade Phantom Team,85,81,83,76,77,84,76,71,83,83,82,84,81,81,11,2021-,$95,380 - 390g,,No,Asia,Yes,,
LI-NING,Wade Shadow 3,83,73,83,75,78,77,83,72,80,77,77,80,73,78,18,2021-,$110,400 - 410g,7 - 8mm,No,Asia,No,,
LI-NING,Wade Son of Flash,85,76,80,82,74,83,89,75,80,80,80,80,76,83,14,2023-,$120,400 - 420g,[6 - 8mm est.],Yes,Asia,No,Stay true to size,Use EU size; narrow and shallow toebox; wide & thick footers go up half or stay clear.
LI-NING,Way of Wade 10,95,87,89,84,92,92,69,80,90,93,94,95,89,52,28,2022-,$220,350 - 370g,5 - 6mm,Yes,Asia,No,Stay true to size,"Very snug, shallow toe -box; suitable for narrower feet with low in-steps"
LI-NING,Way of Wade 5,70,69,82,92,93,68,81,69,73,69,65,72,71,68,10,2016-,$160,,,No,Asia,No,,
LI-NING,Way of Wade 6,82,91,82,87,88,78,82,82,85,86,82,87,90,72,19,2017-,$155,,10 - 11mm,No,Asia,No,,
LI-NING,Way of Wade 7,66,83,76,83,93,69,77,67,75,69,60,72,79,72,21,2018-,$165,,9 - 10mm,No,Asia,No,,
LI-NING,Way of Wade 8,77,93,87,95,98,53,81,54,86,79,70,83,92,72,32,2020-,$220,,,No,Asia,No,,
LI-NING,Way of Wade 9,80,87,88,86,94,79,69,80,85,87,84,89,89,52,28,2021-,$200,410 - 420g,5 - 7mm,No,Asia,No,Stay true to size,Very snug; not for high insteps
LI-NING,Way of Wade 9 Infinity,77,92,85,71,94,75,68,77,85,82,74,88,87,45,20,2021-,$250,440 - 460g,9 - 10mm,No,Asia,No,Stay true to size,Only for low insteps
LI-NING,Yushuai 11,89,74,69,75,70,80,78,81,77,72,72,74,69,79,18,2017-,$125,,,No,Asia,No,,
LI-NING,Yushuai 12,85,73,71,73,74,70,71,60,76,69,67,73,68,72,18,2018-,$125,,,No,Asia,No,,
LI-NING,Yushuai 13 (normal version),84,71,80,64,87,66,80,75,78,70,65,76,67,79,19,2019-,$110,460 - 480g,,No,Asia,No,,
LI-NING,Yushuai 13 Boom,66,94,87,93,96,85,64,75,82,81,75,83,90,50,22,2019-,$210,400 - 410g,,No,Asia,No,,
LI-NING,Yushuai 13 Boom Low,80,93,91,92,96,85,72,84,88,91,88,93,94,57,28,2020-,$200,360 - 380g,[9 - 11mm est],No,Asia,No,Stay true to size,Slightly wide forefoot
LI-NING,Yushuai 14 (normal version),80,76,82,80,86,75,76,66,79,79,75,82,79,77,21,2020-,$120,,9 - 10mm,No,Asia,No,,
LI-NING,Yushuai 14 Boom,74,94,91,88,95,82,79,81,86,88,82,90,93,63,38,2020-21,$195,410 - 430g,11 - 12mm,No,Asia,No,,
LI-NING,Yushuai 14 Boom Low,71,94,91,90,95,84,77,79,85,86,80,88,93,65,25,2021-,$190,390 - 400g,[10 - 12mm est.],No,Asia,No,,
LI-NING,Yushuai 15,88,85,86,87,89,76,82,75,87,88,86,89,88,83,48,2021-,$125,410 - 430g,7 - 9mm,No,Asia,No,Stay true to size?,Fits slightly large; narrow feet can go down half; arch support poor.
LI-NING,Yushuai 16,88,84,82,83,84,79,79,81,85,85,84,86,85,81,22,2022-,$125,390 - 410g,[7 - 9mm est.],Yes,Asia,No,Stay true to size?,Fits looser than YS15; still weak arch support
LI-NING,Yushuai Evolution,82,92,64,76,82,65,63,80,79,71,62,74,81,58,18,2022-,$215,440 - 460g,5 - 6mm,Yes,Asia,No,Stay true to size,Laceless design with BOA system; limited fit adjustability
LI-NING,Yushuai Retro,78,67,82,80,77,69,83,86,76,70,68,73,67,79,18,2022-,$90,440 - 460g,[6 - 8mm es.t],Yes,Asia,Yes,Stay true to size,"Use EU size; slightly short in length, but wide foot friendly."
NB,KAWHI 1,87,75,78,88,93,66,81,67,80,78,74,81,79,76,27,2020-,$160,470 - 490g,,No,Non-Asia,No,,
NB,KAWHI 2,83,76,85,82,86,84,87,74,81,83,82,86,80,78,21,2022-,$160,360 - 380g,[8 - 10mm est.],Yes,Non-Asia,No,Stay true to size,Runs both narrow and long; very narrow feet may try half down.
NB,OMN1S,90,73,77,69,86,77,82,82,80,76,74,81,72,76,29,2019-,$140,,,No,Non-Asia,No,,
NB,TWO WXY,88,75,86,85,86,86,82,64,83,85,86,87,80,77,25,2021-,$140,350 - 380g,,No,Non-Asia,No,,
NB,TWO WXY v2,92,79,81,81,68,92,74,75,84,83,86,83,78,70,14,2022-,$130,330 - 350g,[7 - 8mm est.],Yes,Non-Asia,No,Stay true to size,Snug forefoot
NIKE,Adapt BB,84,77,84,79,94,70,74,87,82,80,76,85,80,50,13,2019-,$350,460 - 470g,,No,Non-Asia,No,,
NIKE,Adapt BB 2.0,82,80,87,88,92,54,62,64,83,78,71,80,84,35,26,2020-,$400,550 - 560g,,No,Non-Asia,No,,
NIKE,Air Deldon,74,84,82,80,77,81,71,61,80,78,74,79,82,75,10,2022-,$120,370 - 380g,[5 - 7mm est.],Yes,Non-Asia,No,Stay true to size,Comes in Mens' sizes; very narrow and tapering toebox
NIKE,Air Force Max,75,86,83,80,90,59,69,71,81,75,66,79,85,75,13,2018-19,$160,480 - 490g,,No,Non-Asia,No,,
NIKE,Air Max Dominate,83,73,81,81,79,74,86,86,79,77,76,79,74,84,10,2018-,$90,410 - 420g,6 - 7mm,No,Non-Asia,Yes,,
NIKE,Air Max Impact 3 & 4,87,81,83,86,83,85,88,80,83,85,86,86,84,88,17,2021-,$90,340 - 360g,[7 - 9mm est.],No,Non-Asia,Yes,Stay true to size,
NIKE,Air Zoom BB NXT,92,93,82,63,87,75,72,75,89,82,77,87,84,80,27,2020-,$180,420 - 440g,6 - 8mm,No,Non-Asia,No,,
NIKE,Air Zoom G.T. Cut,89,93,87,81,78,78,68,74,90,88,86,90,89,63,47,2021-,$170,420 - 430g,[3 - 5mm est.],No,Non-Asia,No,,
NIKE,Air Zoom G.T. Cut 2,87,92,81,76,86,80,81,85,87,86,82,88,88,73,33,2022-,$170,390 - 400g,5 - 6mm,Yes,Non-Asia,No,Stay true to size,"Slightly narrow, but do not go up in size; less snug than previous version; heel-slip if slightly large"
NIKE,Air Zoom G.T. Jump,81,96,83,84,91,67,65,86,87,84,76,88,92,67,24,2022-,$180,460 - 470g,7 - 9mm,Yes,Non-Asia,No,Stay true to size,Fits narrow; many noted chafing around arch and heel area
NIKE,Air Zoom G.T. Run,80,92,77,81,79,83,75,88,83,81,77,83,86,72,25,2021-,$175,360 - 370g,6 - 7mm,No,Non-Asia,No,,
NIKE,Alphadunk,62,82,71,75,84,58,54,58,72,56,46,61,68,57,32,2019-,$180,440 - 470g,[6 - 8mm est.],No,Non-Asia,No,,
NIKE,Cosmic Unity,83,85,84,85,88,70,79,67,84,84,79,86,87,79,34,2021-,$150,410 - 420g,5 - 6mm,No,Non-Asia,No,,
NIKE,Cosmic Unity 2,87,86,80,70,69,78,79,72,84,80,80,82,79,77,20,2022-,$160,370 - 390g,[5 - 6mm est.],Yes,Non-Asia,No,Stay true to size,Non-EP: narrow; EP: very versatile; wide footers may go up half; no noticeable heel-slip
NIKE,Fly By Mid 3,82,74,74,71,69,93,83,75,77,74,74,77,69,82,8,2022-,$65,330 - 350g,[5 - 7mm est.],Yes,Non-Asia,Yes,Go down half size?,Runs long
NIKE,Giannis Immortality,83,70,74,72,72,90,84,83,76,72,73,75,65,79,20,2021-,$80,320 - 340g,,No,Non-Asia,Yes,,
NIKE,Heritage N7,89,81,82,85,87,74,81,54,84,84,82,86,85,81,17,2019-,$130,400 - 420g,,No,Non-Asia,No,,
NIKE,Hyperdunk 2016 TB,86,84,85,84,85,75,82,77,85,86,84,87,87,78,16,2016-,$135,390 - 400g,7 - 8mm,No,Non-Asia,No,,
NIKE,Hyperdunk 2017 (FK),94,80,88,84,88,89,76,81,87,90,90,92,85,67,33,2017-,$160,360 - 380g,6 - 7mm,No,Non-Asia,No,Stay true to size,Snug
NIKE,Hyperdunk X,81,84,80,72,76,86,70,74,82,80,78,82,80,73,26,2018-,$130,340 - 360g,5 - 7mm,No,Non-Asia,No,,
NIKE,KD 10,77,89,79,76,88,87,63,83,82,82,76,87,86,66,14,2017-,$150,350 - 370g,,No,Non-Asia,No,,
NIKE,KD 11,83,88,69,58,67,68,71,78,80,65,59,70,70,75,22,2018-,$150,410 - 420g,7 - 8mm,No,Non-Asia,No,,
NIKE,KD 12,85,94,87,82,79,80,61,62,89,88,86,89,90,66,35,2019-,$150,390 - 410g,5 - 6mm,No,Non-Asia,No,,
NIKE,KD 13,88,94,84,69,82,82,78,71,88,86,82,89,86,80,33,2020-,$150,370 - 380g,7 - 9mm,No,Non-Asia,No,Stay true to size,Runs narrow
NIKE,KD 14,86,91,85,83,87,80,74,71,87,88,85,90,90,76,36,2021-,$150,390 - 410g,7 - 8mm,No,Non-Asia,No,Stay true to size,Wider and more forgiving than usual KDs
NIKE,KD 15,88,88,75,72,89,76,72,79,84,81,76,84,83,75,30,2022-,$150,370 - 390g,7 - 8mm,Yes,Non-Asia,No,Go down half size?,Slightly long and narrow; go down to help with heel-slip; similar problems with the EP version
NIKE,KD 9 Elite,88,92,78,76,78,84,70,79,86,84,81,85,85,72,11,2017-,$150,,,No,Non-Asia,No,,
NIKE,KD Trey 5 7,86,80,72,59,73,88,84,82,79,71,69,75,69,84,13,2019-,$90,,,No,Non-Asia,Yes,,
NIKE,KD Trey 5 8,81,78,75,61,66,87,86,80,78,70,68,74,68,85,13,2020-,$90,,,No,Non-Asia,Yes,,
NIKE,KD Trey 5 9,80,80,79,73,73,88,75,72,80,79,77,81,78,78,15,2021-,$90,330 - 350g,,No,Non-Asia,Yes,,
NIKE,Kobe 1 Protro,82,85,75,87,87,68,82,57,81,78,73,81,85,79,26,2018-,$175,,9 - 10mm,No,Non-Asia,No,,
NIKE,Kobe 11 Elite L,79,85,85,77,69,88,64,81,83,83,81,85,82,46,19,2016-,$200,,,No,Non-Asia,No,,
NIKE,Kobe 4 Protro,87,82,86,85,89,89,67,74,85,89,89,91,86,47,23,2019-,$175,350 - 370g,6 - 7mm,No,Non-Asia,No,Stay true to size,Snug toebox
NIKE,Kobe 5 Protro,85,81,93,84,86,92,64,65,86,91,91,93,87,45,22,2020-,$180,330 - 340g,6 - 7mm,No,Non-Asia,No,Stay true to size,Very snug and narrow
NIKE,Kobe 6 Protro,87,82,88,83,84,90,61,79,86,89,89,91,86,43,23,2021-,$180,320 - 340g,[5 - 7mm est.],No,Non-Asia,No,Stay true to size,Fits snug
NIKE,Kobe 8 System,91,80,86,77,82,97,62,87,86,88,89,90,82,51,22,2013-,$140,260 - 280g,[3 - 5mm est.],No,Non-Asia,No,Stay true to size,
NIKE,Kobe 9 EM Low,97,85,91,77,73,93,72,76,91,90,93,91,84,58,24,2014-,$160,330 - 350g,[3 - 5mm est.],No,Non-Asia,No,Stay true to size,
NIKE,Kobe AD 1,78,72,77,74,70,84,68,65,76,72,71,74,68,63,17,2016-,$160,340 - 350g,5 - 6mm,No,Non-Asia,No,,
NIKE,Kobe AD Exodus,83,83,80,74,63,85,59,85,82,78,78,78,77,62,24,2018-,$140,330 - 340g,9 - 10mm,No,Non-Asia,No,,
NIKE,Kobe AD Mid,86,84,77,83,85,85,62,51,83,83,82,85,85,65,24,2017-,$150,340 - 350g,[5 - 7mm est.],No,Non-Asia,No,,
NIKE,Kobe AD NXT,87,84,85,87,68,83,68,78,85,85,87,84,83,58,17,2017-,$200,350 - 370g,[3 - 5mm est.],No,Non-Asia,No,,
NIKE,Kobe AD NXT 360,75,86,87,69,69,96,54,94,83,81,79,83,80,40,20,2018-,$200,310 - 320g,3 - 4mm,No,Non-Asia,No,,
NIKE,Kobe AD NXT FF,92,82,84,79,68,82,58,80,86,83,85,84,80,49,15,2019-,$200,390 - 410g,[3 - 5mm est.],No,Non-Asia,No,,
NIKE,Kybrid S2,88,72,92,87,90,80,82,59,84,86,87,88,78,76,36,2020-,$140,400 - 420g,6 - 8mm,No,Non-Asia,No,,
NIKE,Kyrie 1,79,74,78,72,78,87,78,72,77,75,73,78,72,75,21,2014-,$110,340 - 350g,,No,Non-Asia,No,,
NIKE,Kyrie 2,90,64,85,81,76,83,73,69,80,76,79,78,64,65,19,2015-,$120,380 - 400g,,No,Non-Asia,No,,
NIKE,Kyrie 3,92,64,83,77,78,87,80,70,80,76,79,78,64,71,27,2016-,$120,360 - 380g,6 - 7mm,No,Non-Asia,No,,
NIKE,Kyrie 4,84,77,82,84,80,80,76,70,81,81,81,82,79,74,27,2017-,$120,380 - 400g,6 - 7mm,No,Non-Asia,No,,
NIKE,Kyrie 5,83,72,87,82,72,80,77,69,81,79,81,80,73,72,38,2018-,$130,370 - 390g,3 - 4mm,No,Non-Asia,No,,
NIKE,Kyrie 6,86,79,88,83,77,75,77,64,85,84,84,85,83,76,27,2019-,$130,420 - 430g,3 - 4mm,No,Non-Asia,No,,
NIKE,Kyrie 7,90,81,86,83,64,88,75,68,85,84,87,85,79,75,31,2020-,$140,360 - 370g,4 - 5mm,No,Non-Asia,No,,
NIKE,Kyrie 8,84,83,86,88,84,84,86,58,84,87,87,88,87,79,17,2022-,$140,360 - 380g,[3 - 5mm est.],Yes,Non-Asia,No,Stay true to size,Narrow toebox; not for especially thick or wide feet.
NIKE,Kyrie Flytrap 1,88,62,76,74,73,93,88,76,76,70,73,73,58,78,13,2018-,$80,310 - 320g,6 - 7mm,No,Non-Asia,Yes,,
NIKE,Kyrie Flytrap 2,87,57,77,65,74,87,85,83,74,63,64,68,49,72,16,2018-19,$80,330 - 350g,[5 - 7mm est.],No,Non-Asia,Yes,,
NIKE,Kyrie Flytrap 3,82,55,80,76,75,84,81,75,72,64,66,69,53,69,14,2019-20,$80,350 - 360g,[5 - 7mm est.],No,Non-Asia,Yes,,
NIKE,Kyrie Flytrap 4,78,68,74,70,68,92,82,83,73,69,68,72,62,78,24,2020-21,$90,320 - 340g,[5 - 7mm est.],No,Non-Asia,Yes,,
NIKE,Kyrie Infinity,78,81,80,80,59,80,72,75,79,74,73,74,75,72,32,2021-,$140,370 - 380g,[4 -5mm est.],No,Non-Asia,No,,
NIKE,Kyrie Low 1,84,72,80,71,82,85,59,79,79,77,76,80,71,61,11,2018-,$110,360 - 370g,5 - 6mm,No,Non-Asia,No,,
NIKE,Kyrie Low 2,91,73,85,87,82,83,66,69,83,84,86,85,77,66,23,2019-,$110,370 - 380g,[4 - 6mm est.],No,Non-Asia,No,,
NIKE,Kyrie Low 3,91,76,84,83,80,85,68,81,84,84,85,85,79,69,26,2020-,$110,380 - 390g,[4 - 6mm est.],No,Non-Asia,No,,
NIKE,Kyrie Low 4,90,70,74,78,73,86,79,81,78,74,76,76,67,74,34,2021-,$115,350 - 360g,[4 - 6mm est.],No,Non-Asia,No,,
NIKE,Kyrie Low 5,89,74,83,79,69,90,73,75,82,81,83,83,73,72,23,2022-,$110,330 - 350g,[4 - 6mm est.],Yes,Non-Asia,No,Stay true to size,Very snug
NIKE,LeBron 10,88,96,93,75,92,72,78,85,93,91,85,96,92,72,15,2012-,$180,440 - 460g,,No,Non-Asia,No,,
NIKE,LeBron 11,83,96,80,79,89,72,76,70,86,84,77,87,90,65,11,2013-,$200,400 - 430g,,No,Non-Asia,No,,
NIKE,LeBron 12,78,81,87,86,90,68,87,60,82,81,75,85,86,70,12,2014-,$200,450 - 460g,,No,Non-Asia,No,,
NIKE,LeBron 13,83,88,79,88,91,76,74,70,83,84,80,85,88,64,15,2015-,$200,410 - 430g,,No,Non-Asia,No,,
NIKE,LeBron 14,76,88,75,66,84,72,61,78,80,73,64,79,80,60,19,2017-,$175,430 - 450g,[6 - 7mm est.],No,Non-Asia,No,,
NIKE,LeBron 15,75,96,87,65,86,76,66,77,86,80,72,86,87,67,23,2017-,$185,440 - 450g,8 - 10mm,No,Non-Asia,No,,
NIKE,LeBron 16,90,92,81,77,83,68,80,66,88,83,78,87,87,78,25,2018-,$185,460 - 470g,6 - 7mm,No,Non-Asia,No,,
NIKE,LeBron 17,80,92,83,73,83,59,69,58,85,77,68,81,86,71,22,2019-,$200,470 - 490g,4 - 5mm,No,Non-Asia,No,,
NIKE,LeBron 18,79,96,80,63,86,64,63,62,85,75,65,82,84,69,29,2020-,$200,490 - 500g,7 - 8mm,No,Non-Asia,No,,
NIKE,LeBron 18 Low,81,91,87,76,89,77,67,83,86,86,81,90,89,69,17,2021-,$160,420 - 430g,[7 - 8mm est.],No,Non-Asia,No,,
NIKE,Lebron 19,66,91,89,84,83,51,65,72,82,70,60,72,84,64,24,2021-,$200,540 - 570g,,No,Non-Asia,No,,
NIKE,Lebron 19 Low,76,90,83,87,91,71,71,72,83,82,75,85,90,73,8,2022-,$160,420 - 440g,9 - 10mm,Yes,Non-Asia,No,Stay true to size,Narrow midfoot; very thick footers may have to go up half size
NIKE,Lebron 20,90,91,84,79,87,83,75,73,88,88,86,91,89,67,26,2022-,$200,390 - 410g,5 - 7mm,Yes,Non-Asia,No,Stay true to size,non-EP fits snug; EP version fits loose and slightly wide.
NIKE,LeBron 9 Retro,78,87,91,86,94,76,70,55,85,87,82,90,90,61,9,2022-,$240,420 - 430g,[8 - 10mm est.],Yes,Non-Asia,No,Stay true to size?,Runs short; toebox may bunch with tight lacing; forefoot upper may chafe when bending
NIKE,LeBron Ambassador 12,86,80,79,79,88,72,84,66,81,80,76,83,82,80,7,2019-,$140,?,[7 - 8mm est.],No,Non-Asia,No,,
NIKE,LeBron Ambassador 13,89,73,87,85,79,79,85,75,83,83,84,84,77,77,15,2020-,$155,400 - 420g,7 - 8mm,No,Non-Asia,No,,
NIKE,LeBron Soldier 10,71,73,81,82,76,85,73,73,75,71,70,73,71,66,22,2016-,$130,410 - 430g,,No,Non-Asia,No,,
NIKE,LeBron Soldier 11,81,82,88,80,81,84,81,61,84,85,83,87,84,77,23,2017-,$130,?,5 - 6mm,No,Non-Asia,No,,
NIKE,LeBron Soldier 12,90,79,86,79,80,72,76,62,85,83,81,86,82,72,16,2018-,$140,?,4 - 5mm,No,Non-Asia,No,,
NIKE,LeBron Soldier 13,89,83,84,80,73,75,85,64,86,83,83,84,82,82,19,2019-,$140,420 - 430g,5 - 6mm,No,Non-Asia,No,,
NIKE,LeBron Soldier 14,76,86,79,85,89,78,88,72,80,81,75,83,86,86,21,2020-,$140,390 - 400g,6 - 7mm,No,Non-Asia,No,,
NIKE,LeBron Witness 3,85,72,81,77,73,89,81,70,79,78,80,80,70,78,11,2018-,$90,330 - 340g,6 - 7mm,No,Non-Asia,Yes,,
NIKE,LeBron Witness 4/5,78,78,80,68,82,81,70,83,79,76,71,80,76,73,20,2019-20,$100,350 - 370g,[5 - 7mm est.],No,Non-Asia,No,,
NIKE,LeBron Witness 6,79,71,78,56,76,75,87,82,76,65,62,70,61,82,20,2021-,$100,400 - 420g,,No,Non-Asia,No,,
NIKE,Mamba Focus,72,60,77,79,81,86,87,76,70,63,61,67,58,69,20,2019-,$100,330 - 350g,,No,Non-Asia,No,,
NIKE,Mamba Fury,67,55,76,79,75,83,84,71,66,53,52,57,48,62,15,2020-,$100,330 - 350g,,No,Non-Asia,No,,
NIKE,Mamba Instinct/Rage,84,70,76,72,53,97,66,71,77,68,72,69,58,63,16,2017-,$100,290 - 300g,,No,Non-Asia,No,,
NIKE,PG 1,83,75,87,78,80,84,72,75,82,82,82,85,77,72,30,2017-,$110,360 - 370g,[5 - 8mm est.],No,Non-Asia,No,,
NIKE,PG 2,82,77,86,81,73,84,67,78,82,81,82,83,77,68,26,2018-,$110,370 - 380g,7 - 8mm,No,Non-Asia,No,,
NIKE,PG 3,87,78,82,83,87,82,76,79,83,84,83,86,82,76,29,2019-,$110,360 - 370g,5 - 6mm,No,Non-Asia,No,,
NIKE,PG 4,84,82,80,66,65,80,73,68,82,76,75,78,74,78,38,2020-,$110,380 - 400g,7 - 8mm,No,Non-Asia,No,,
NIKE,PG 5,91,81,82,80,79,88,68,70,84,85,85,87,82,71,30,2021-,$110,330 - 350g,5 - 8mm,No,Non-Asia,No,,
NIKE,PG 6,89,81,83,74,80,88,70,72,84,85,84,87,81,70,32,2022-,$120,380 - 390g,6 - 7mm,Yes,Non-Asia,No,Stay true to size,"EP version fits slightly large & wide. Normal, narrow go down half size"
NIKE,Precision 4,81,69,80,78,67,95,86,79,77,75,78,76,66,81,11,2020-,$70,320 - 330g,,No,Non-Asia,Yes,,
NIKE,Precision 5,88,71,79,80,75,95,74,80,79,79,82,80,70,73,16,2021-,$70,320 - 330g,,No,Non-Asia,Yes,,
NIKE,Renew Elevate,80,81,77,77,85,85,80,83,79,79,76,82,81,82,16,2020-,$80,330 - 350g,,No,Non-Asia,Yes,Go up half size,Runs small and narrow
NIKE,Zoom Court Dragon,76,81,83,70,76,80,84,63,80,77,73,80,79,85,8,2022-,$120,390 - 400g,[6 - 8mm est.],Yes,Non-Asia,No,Stay true to size,Versatile fit that should work for most foot-types
NIKE,Zoom Evidence 2,84,76,72,61,69,92,82,85,77,70,69,74,65,81,10,2018-,$90,,5 - 6mm,No,Non-Asia,Yes,,
NIKE,Zoom Freak 1,80,74,86,83,68,89,69,76,80,80,81,82,74,69,25,2019-,$120,340 - 350g,6 - 8mm,No,Non-Asia,No,,
NIKE,Zoom Freak 2,84,75,84,80,71,83,77,66,81,80,82,81,74,75,29,2020-,$130,370 - 380g,6 - 7mm,No,Non-Asia,No,,
NIKE,Zoom Freak 3,85,79,77,67,68,84,73,78,80,75,74,78,72,74,37,2021-,$120,360 - 380g,8 - 9mm,No,Non-Asia,No,,
NIKE,Zoom Freak 4,85,81,82,76,71,89,63,87,83,82,83,84,79,64,22,2022-,$130,340 - 360g,5 - 6mm,Yes,Non-Asia,No,Stay true to size,Versatile fit for most foot types.
NIKE,Zoom GP Retro,90,78,89,90,87,72,81,56,85,86,85,88,85,70,19,2019-,$160,,9 - 10mm,No,Non-Asia,No,,
NIKE,Zoom LeBron NXXT Gen,84,86,85,85,80,89,80,82,85,88,87,89,87,73,20,2023-,$160,350 - 360g,4 - 6mm,Yes,Non-Asia,No,Stay true to size,Fits small with a snug mid-forefoot; casual users may have to go up half.
NIKE,Zoom Live 2017 & 2,78,76,83,85,77,88,78,78,79,81,79,83,78,78,15,2017-,$100,,6 - 7mm,No,Non-Asia,No,,
NIKE,Zoom Rev 17,74,75,85,79,88,83,76,75,78,78,74,82,78,76,10,2017-,$110,,,No,Non-Asia,No,,
NIKE,Zoom Rize 1,85,87,85,81,89,76,74,68,86,86,84,89,87,75,28,2019-,$140,,5 - 7mm,No,Non-Asia,No,,
NIKE,Zoom Rize 2,88,87,84,73,77,87,77,73,86,86,85,88,83,78,25,2020-,$150,,4 - 5mm,No,Non-Asia,No,,
NIKE,Zoom UNVRS,79,93,81,70,83,78,69,74,84,81,75,85,86,75,20,2019-,$160,,,No,Non-Asia,No,,
PEAK,AW1 Switch,86,82,85,84,80,86,64,85,84,86,87,87,85,64,22,2022-,$125,400 - 420g,9 - 10mm,Yes,Asia,No,Go down 1 EU size (at least),Use EU size; no half sizes; fits long even after sizing down; very shallow toebox; not for thick or wide feet.
PEAK,Delly 1,87,60,78,81,83,84,90,73,75,70,71,73,61,81,6,2017-,$115,,,No,Asia,No,,
PEAK,DH3,86,86,78,86,92,57,75,78,83,78,72,80,85,81,16,2017-,$100,,10 -11mm,No,Asia,No,,
PEAK,DH4,76,82,63,63,60,67,73,78,74,58,50,63,64,73,14,2018-,$110,,[10 - 12mm est.],No,Asia,No,,
PEAK,Flash 3,90,80,76,79,84,88,73,83,82,83,81,85,81,74,36,2021-,$110,360 - 370g,10 -11mm,No,Asia,No,Go down half EU size,Use EU size; narrow forefoot; heel-slip
PEAK,Killer Whale,84,86,68,70,89,59,64,61,79,70,61,75,79,74,10,2020-,$105,,[10 - 12mm est.],No,Asia,No,,
PEAK,Lightning 2019,82,83,71,68,58,81,69,77,79,69,67,71,70,74,17,2019-,$110,,,No,Asia,No,,
PEAK,Lightning 2020,87,85,78,86,87,65,73,69,83,80,75,82,85,79,23,2020-,$115,470 - 480g,,No,Asia,No,,
PEAK,Lightning 2021,84,85,74,69,86,68,79,86,81,76,69,80,80,83,13,2021-,$90,430 - 450g,[9 - 11mm est.],No,Asia,Yes,Go down half or one EU size,"Use EU size; fits large, spacey"
PEAK,Lightning 9,88,81,79,73,83,86,75,89,83,82,81,85,80,78,26,2022-,$90,380 - 400g,9 - 11mm,Yes,Asia,Yes,Stay true to size?,Use EU size for reference; narrow midfoot area
PEAK,Streetball Master,85,65,76,80,63,79,88,73,75,67,71,68,59,80,18,2017-,$65,400 -410g,,No,Asia,Yes,,
PEAK,Suying 2020,87,82,72,77,91,81,81,53,80,79,76,82,81,83,10,2020-,$80,,,No,Asia,Yes,,
PEAK,Taichi Attitude TD,92,84,77,79,87,73,86,81,84,82,78,84,83,87,23,2021-,$95,410 - 430g,[8 - 10mm est.],No,Asia,Yes,Go down 1 EU size,"Use EU size; fits large, spacey"
PEAK,Team Attitude 2020,94,85,74,83,87,87,76,79,84,84,82,85,84,78,40,2020-21,$125,,,No,Asia,No,,
PEAK,TP4,87,71,85,80,81,82,86,73,81,81,82,83,73,81,18,2016-,$100,,,No,Asia,No,,
PEAK,TP5,87,78,80,74,86,77,69,73,82,81,79,84,79,72,11,2017-,$90,,,No,Asia,Yes,,
PEAK,TP6,88,82,74,83,63,68,78,70,81,73,72,74,76,81,10,2018-,$100,,,No,Asia,No,,
PEAK,TP7,86,87,67,71,74,54,71,75,80,66,59,69,75,76,17,2019-,$130,,,No,Asia,No,,
PEAK,Underground 2019,81,90,72,78,81,61,76,63,81,72,64,76,83,84,31,2019-,$120,450 - 470g,[9 - 11mm est.],No,Asia,No,,
PEAK,Underground 2020,89,88,79,79,89,62,75,67,85,80,74,83,85,80,24,2020-,$120,470 - 480g,5 - 6mm,No,Asia,No,,
PUMA,Clyde All-Pro,91,85,83,75,84,88,74,77,86,87,86,90,84,74,30,2020-,$130,,7 - 8mm,No,Non-Asia,No,,
PUMA,Clyde Court Disrupt,73,75,80,71,82,63,73,79,76,68,60,73,72,73,27,2018-,$120,,,No,Non-Asia,No,,
PUMA,Clyde Hardwood,88,73,84,75,84,60,73,67,82,75,71,79,74,72,32,2019-,$120,460 - 480g,9 - 10mm,No,Non-Asia,No,,
PUMA,Court Rider,83,74,84,83,85,79,79,72,80,81,80,83,78,77,27,2021-,$100,420 - 440g,8 - 9mm,No,Non-Asia,No,,
PUMA,Court Rider 2.0,86,72,82,84,83,70,78,73,80,78,77,80,75,76,17,2022-,$110,430 - 440g,[8 - 10mm est.],Yes,Non-Asia,No,Stay true to size,More suitable for normal-wide feet; narrow feet may have to size down
PUMA,Disc Rebirth,79,74,84,84,87,69,69,64,79,77,73,81,78,69,11,2021-,$170,460 - 480g,9 - 10mm,No,Non-Asia,No,,
PUMA,Double Disc,89,79,83,82,82,58,85,63,84,78,73,80,81,78,12,2021-,$175,490 - 510g,,No,Non-Asia,No,,
PUMA,Fusion Nitro Spectra,84,80,78,67,78,76,68,55,81,76,73,79,76,67,17,2021-,$150,420 - 430g,8 - 9mm,No,Non-Asia,No,,
PUMA,Legacy,83,71,80,72,85,63,68,65,78,71,67,76,70,70,21,2019-,$100,,,No,Non-Asia,No,,
PUMA,MB.01,84,84,87,81,90,76,81,64,85,86,84,89,86,76,31,2021-,$125,430 - 450g,,No,Non-Asia,No,,
PUMA,MB.02,85,83,85,76,87,84,70,77,85,86,84,88,85,68,25,2022-,$130,410 - 420g,[6 - 8mm est.],Yes,Non-Asia,No,Stay true to size,Use US size. Versatile fit; very narrow feet can try half size down
PUMA,RISE NITRO,84,77,80,86,87,82,64,58,80,82,81,83,80,65,15,2022-,$125,410 - 420g,[7 - 9mm est.],Yes,Non-Asia,No,Stay true to size,Slightly narrow; shroud may make lacing annoying.
PUMA,RS-Dreamer,88,74,84,79,85,64,76,64,82,78,74,81,77,74,25,2020-,$125,450 - 460g,8 - 9mm,No,Non-Asia,No,,
PUMA,Sky Modern/Dreamer,88,74,89,79,90,58,69,54,83,78,74,82,77,69,18,2020-,$130,490 - 510g,7 - 8mm,No,Non-Asia,No,,
PUMA,Stewie 1,80,75,83,83,86,75,73,81,79,79,76,82,79,67,13,2022-,$120,430 - 440g,[8 - 9mm est.],Yes,Non-Asia,No,Stay true to size,Uses womens' sizing; check Puma's conversion to men sizes; fits snug and narrow.
PUMA,TRC Blaze Court,87,83,85,85,84,86,60,78,85,87,87,88,86,66,24,2022-,$120,340 - 370g,8 - 9mm,Yes,Non-Asia,No,Stay true to size,Versatile fit; very narrow feet may have to go down half a size or avoid
PUMA,Triple,88,71,72,74,72,82,82,86,77,72,72,74,66,79,10,2021-,$80,360 - 370g,,No,Non-Asia,Yes,,
PUMA,Uproar,84,76,88,83,81,63,79,65,83,79,76,82,80,77,41,2019-,$130,460 - 480g,[10 - 12mm est.],No,Non-Asia,No,,
Q4 SPORTS,495 Lo SP,79,66,81,81,84,82,85,71,76,74,74,77,68,80,29,2019-,$100,,,No,Non-Asia,No,,
Q4 SPORTS,Millennium Hi,83,87,78,89,84,70,85,56,83,81,77,82,87,85,11,2017-,$140,,,No,Non-Asia,No,,
QIAODAN,[Moli 3 Kungfu Pro],89,84,75,81,80,76,86,54,83,80,78,82,82,88,16,2021-,$80,390 - 400g,,No,Asia,Yes,,
QIAODAN,Fengci 5,85,85,78,79,79,84,80,75,83,82,81,83,83,84,21,2021-,$85,380 - 390g,,No,Asia,Yes,,
QIAODAN,Fengci 6 Pro,85,83,80,78,79,83,79,76,83,82,82,83,82,82,27,2022-,$90,360 - 380g,6 - 7mm,Yes,Asia,Yes,Go down half US size,Suitable for wide feet who prefer a higher toebox; narrow feet avoid; goes up to US 11 and has half sizes.
QIAODAN,Halberd 4 [Zhang Ji 4],82,84,79,83,81,72,77,73,81,80,76,81,84,81,12,2021-,$90,420 - 430g,,No,Asia,Yes,,
QIAODAN,Halberd 5 [Zhang Ji 5],87,84,82,85,82,74,78,75,84,84,82,85,85,83,7,2022-,$85,430 - 440g,?,Yes,Asia,Yes,?,?
QIAODAN,Toxic 4 Pro,85,84,74,76,81,81,85,68,81,79,77,81,81,87,29,2021-,$95,390 - 410g,,No,Asia,Yes,Go down half or one EU size,Very spacey fit; use EU size.
REEBOK,Question Mid Retro,74,67,73,80,77,59,82,56,71,60,55,63,64,70,16,2020-,$140,,,No,Non-Asia,No,,
RIGORER,Hydrogen 1.0,83,78,70,79,65,93,84,84,77,74,74,75,72,85,8,2021-,$80,310 - 330g,,No,Asia,Yes,,
RIGORER,War Ender 1.0 & 1.5 [Zhige],82,80,82,83,90,80,73,71,81,83,81,86,84,77,31,2020-21,$90,400 - 410g,,No,Asia,Yes,Stay true to size,Very snug and narrow
SERIOUSPLAYERONLY,Player 1,89,78,79,72,72,91,60,84,82,80,81,82,75,47,14,2022-,$160,310 - 320g,$0,Yes,Asia,No,$0,$0
UA,Anatomix Spawn 2019,92,81,81,82,82,83,56,79,84,84,84,85,83,63,17,2019-,$110,360 - 370g,,No,Non-Asia,No,,
UA,Anatomix Spawn 2020,84,71,77,71,81,85,59,78,78,75,75,78,70,61,21,2020-,$100,361 - 370g,8 - 9mm,No,Non-Asia,No,,
UA,Charged Controller,74,74,75,80,80,89,80,80,74,73,70,76,73,78,7,2017-,$100,,,No,Non-Asia,No,,
UA,Curry 1 Retro,83,69,83,88,88,87,72,67,78,80,82,81,73,63,18,2021-,$160,390 - 410g,,No,Non-Asia,No,Stay true to size,
UA,Curry 2,91,77,88,88,88,89,72,76,85,89,90,91,83,66,24,2015-,$130,370 - 390g,[8 - 10mm est.],No,Non-Asia,No,,
UA,Curry 3,90,73,83,81,85,81,80,76,82,82,82,84,76,70,23,2016-,$140,,8 - 9mm,No,Non-Asia,No,,
UA,Curry 4,86,66,83,88,82,91,66,68,78,80,84,80,70,57,20,2017-,$130,310 - 320g,,No,Non-Asia,No,,
UA,Curry 5,77,65,70,84,78,85,73,82,71,66,65,68,63,67,25,2018-,$130,,,No,Non-Asia,No,,
UA,Curry 6,86,70,79,84,87,88,67,83,78,79,80,82,72,65,25,2019-,$130,,,No,Non-Asia,No,,
UA,Curry 7,93,70,85,90,93,84,73,79,83,84,86,85,76,69,30,2019-,$140,370 - 390g,7 - 8mm,No,Non-Asia,No,,
UA,Drive 4,89,69,76,82,81,79,81,62,78,75,76,77,70,76,14,2017-,$115,,,No,Non-Asia,No,,
UA,Embiid 1,83,75,83,80,83,81,74,79,80,80,79,82,77,72,33,2020-,$120,,,No,Non-Asia,No,,
UA,Flow FUTR X,92,73,81,80,86,93,63,86,82,83,84,85,75,62,16,2021-,$120,320 - 340g,,No,Non-Asia,No,Go down half size?,Slightly roomy forefoot
UA,Heat Seeker,92,72,85,81,82,90,87,80,83,84,86,86,75,81,10,2018-,$115,,,No,Non-Asia,No,,
UA,HOVR Havoc 1,94,74,83,84,88,80,81,73,84,83,84,85,78,77,21,2018-,$110,,,No,Non-Asia,No,,
UA,HOVR Havoc 2,83,77,82,82,86,92,84,70,81,83,83,86,80,81,13,2019-,$120,340 - 360g,,No,Non-Asia,No,,
UA,HOVR Havoc 3,87,66,82,80,88,85,66,63,78,78,80,80,69,65,18,2020-,$110,360 - 380g,,No,Non-Asia,No,,
UA,HOVR Havoc 4 Clone,85,79,86,80,79,85,80,59,83,84,85,86,81,78,23,2021-,$120,330 - 360g,,No,Non-Asia,No,,
UA,SC 3ZER0 1,88,77,82,83,83,83,78,74,82,83,83,85,80,77,13,2017-,$120,370 - 390g,[10 - 11mm est.],No,Non-Asia,No,,
UA,SC 3ZER0 2,86,78,81,90,73,87,76,87,82,83,85,83,80,78,11,2018-,$100,310 - 330g,,No,Non-Asia,No,,
UA,SC 3ZER0 3,93,68,87,82,76,90,84,81,82,81,86,83,69,78,18,2019-,$90,330 - 360g,,No,Non-Asia,Yes,,
UA,SC 3ZER0 4,88,68,85,85,86,83,79,69,80,81,83,82,73,75,12,2020-,$90,390 - 400g,,No,Non-Asia,Yes,,
UA,Spawn 3,89,82,81,70,80,91,76,80,84,84,83,87,80,77,22,2021-,$100,340 - 360g,,No,Non-Asia,No,,
UA CURRY,3Z5,81,72,84,84,85,86,75,72,79,80,80,82,76,75,12,2021-,$80,350 - 360g,,No,Non-Asia,Yes,,
UA CURRY,Curry 4 FloTro,94,83,85,83,88,93,54,67,87,90,90,91,86,50,22,2022-,$160,320 - 340g,[8 - 10mm est.],Yes,Non-Asia,No,Stay true to size,"Tight length-wise, but some extra toebox space on top; should be ankle brace friendly."
UA CURRY,Flow 8,90,83,82,81,89,94,58,87,85,88,88,90,85,59,41,2020-,$160,330 - 350g,8 - 9mm,No,Non-Asia,No,,
UA CURRY,Flow 9,88,78,84,80,90,95,57,84,84,87,87,90,81,55,29,2021-22,$160,320 - 340g,[8 - 10mm est.],Yes,Non-Asia,No,Stay true to size,Some toe-jamming reported; length choice may be important
UA CURRY,HOVR Splash,91,78,78,80,79,92,70,84,82,83,83,84,79,71,21,2021-,$110,330 - 340g,[8 - 9mm est.],No,Non-Asia,No,Stay true to size?,Toe box shape may cause toe jams. May need to go up half size to avoid.
XTEP,Battle,87,84,84,89,89,71,71,65,85,86,83,87,88,76,20,2022-,$100,440 - 460g,[8 - 9mm est.],Yes,Asia,No,Stay true to size,Use EU size; not wide-friendly yet fits slightly large
XTEP,Devil 3,87,75,77,86,80,76,79,76,79,78,78,79,77,80,7,2021-,$70,?,?,No,Asia,Yes,?,?
XTEP,JLIN 1,79,72,75,83,81,74,84,69,75,72,69,75,72,79,26,2020-,$110,420 - 440g,[8 - 10mm est.],No,Asia,No,,
XTEP,JLIN 2,75,85,70,87,89,76,80,82,76,74,68,77,84,83,25,2021-,$125,400 - 420g,[8 - 9mm est.],No,Asia,No,,
XTEP,JLIN 2 SE,84,88,85,89,92,80,67,78,86,88,86,89,90,71,31,2022-,$120,390 - 410g,8 - 9mm,Yes,Asia,No,Go down 1 EU size,Fits narrow; not for wide and high instep; refer to EU size and size down by one.
XTEP,JLIN F.L.A.S.H. 2.0,84,79,63,63,63,91,88,94,75,65,63,68,63,84,5,2021-,$80,340 - 360g,,No,Asia,Yes,,
XTEP,JLIN F.L.A.S.H. 3.0,82,80,86,85,78,84,75,85,83,84,84,85,83,81,17,2022-,$90,360 - 380g,?,Yes,Asia,Yes,,
XTEP,Levitation 4,81,76,75,86,85,58,72,51,77,71,65,74,78,76,14,2019-,$90,490 - 500g,,No,Asia,Yes,,